fraction,years,p05_usd,p25_usd,median_usd,p75_usd,p95_usd,mean_usd
0.001,1,71021691.31507966,82528104.4193214,97264962.89593145,111716312.90436248,123652716.72261421,97196035.2526727
0.001,5,1024382790.5095028,1377711657.9031825,1726041973.4640913,2186393365.580801,2885497087.412902,1815585001.0187664
0.001,10,3231238508.5001783,5095020278.347584,8521512798.477589,14248477461.2709,22961262210.633064,10315274024.216654
0.001,15,6003811889.590383,11643028836.813086,26677881300.149,61084173743.64477,126527095000.35405,42135911664.012184
0.005,1,355108456.57539827,412640522.0966071,486324814.4796573,558581564.5218124,618263583.6130711,485980176.2633635
0.005,5,5121913952.547513,6888558289.515913,8630209867.320456,10931966827.904003,14427485437.06451,9077925005.093834
0.005,10,16156192542.500893,25475101391.73792,42607563992.38795,71242387306.3545,114806311053.16533,51576370121.08327
0.005,15,30019059447.951912,58215144184.06543,133389406500.745,305420868718.22375,632635475001.7701,210679558320.0609
0.01,1,710216913.1507965,825281044.1932142,972649628.9593146,1117163129.0436249,1236527167.2261422,971960352.526727
0.01,5,10243827905.095026,13777116579.031826,17260419734.64091,21863933655.808006,28854970874.12902,18155850010.187668
0.01,10,32312385085.001785,50950202783.47584,85215127984.7759,142484774612.709,229612622106.33066,103152740242.16653
0.01,15,60038118895.903824,116430288368.13086,266778813001.49,610841737436.4475,1265270950003.5403,421359116640.1218
0.05,1,3551084565.7539825,4126405220.9660707,4863248144.796574,5585815645.218124,6182635836.130711,4859801762.633635
0.05,5,51219139525.47513,68885582895.15913,86302098673.20456,109319668279.04005,144274854370.64508,90779250050.93832
0.05,10,161561925425.0089,254751013917.37915,426075639923.8794,712423873063.545,1148063110531.6528,515763701210.8326
0.05,15,300190594479.5192,582151441840.6543,1333894065007.4497,3054208687182.2383,6326354750017.702,2106795583200.609
0.1,1,7102169131.507965,8252810441.932141,9726496289.593147,11171631290.436249,12365271672.261421,9719603525.26727
0.1,5,102438279050.95026,137771165790.31827,172604197346.40912,218639336558.0801,288549708741.29016,181558500101.87665
0.1,10,323123850850.0178,509502027834.7583,852151279847.7588,1424847746127.09,2296126221063.3057,1031527402421.6652
0.1,15,600381188959.0385,1164302883681.3086,2667788130014.8994,6108417374364.477,12652709500035.404,4213591166401.218
