rotation_interval,rotation_bytes,payload_bytes,E_expected,E_measured,pcap_bytes
10K,10000,10000,1,1,12936
10K,10000,50000,5,5,60096
10K,10000,100000,10,10,119046
10K,10000,500000,50,50,590686
10K,10000,1000000,100,100,1180236
100K,100000,10000,1,1,12936
100K,100000,50000,1,1,53200
100K,100000,100000,1,1,103464
100K,100000,500000,5,5,512736
100K,100000,1000000,10,10,1024326
1M,1000000,10000,1,1,12936
1M,1000000,50000,1,1,53200
1M,1000000,100000,1,1,103464
1M,1000000,500000,1,1,504454
1M,1000000,1000000,1,1,1006258
