jobs,workers,work_over_Tq,independent_time_over_Tq,chain_time_over_Tq
37,1,37.0,37.0,37.0
37,2,37.0,19.0,37.0
37,3,37.0,13.0,37.0
37,4,37.0,10.0,37.0
37,5,37.0,8.0,37.0
37,6,37.0,7.0,37.0
37,7,37.0,6.0,37.0
37,8,37.0,5.0,37.0
37,9,37.0,5.0,37.0
37,10,37.0,4.0,37.0
37,11,37.0,4.0,37.0
37,12,37.0,4.0,37.0
37,13,37.0,3.0,37.0
37,14,37.0,3.0,37.0
37,15,37.0,3.0,37.0
37,16,37.0,3.0,37.0
37,17,37.0,3.0,37.0
37,18,37.0,3.0,37.0
37,19,37.0,2.0,37.0
37,20,37.0,2.0,37.0
37,21,37.0,2.0,37.0
37,22,37.0,2.0,37.0
37,23,37.0,2.0,37.0
37,24,37.0,2.0,37.0
37,25,37.0,2.0,37.0
37,26,37.0,2.0,37.0
37,27,37.0,2.0,37.0
37,28,37.0,2.0,37.0
37,29,37.0,2.0,37.0
37,30,37.0,2.0,37.0
37,31,37.0,2.0,37.0
37,32,37.0,2.0,37.0
37,33,37.0,2.0,37.0
37,34,37.0,2.0,37.0
37,35,37.0,2.0,37.0
37,36,37.0,2.0,37.0
37,37,37.0,1.0,37.0
37,38,37.0,1.0,37.0
37,39,37.0,1.0,37.0
37,40,37.0,1.0,37.0
37,41,37.0,1.0,37.0
37,42,37.0,1.0,37.0
37,43,37.0,1.0,37.0
37,44,37.0,1.0,37.0
37,45,37.0,1.0,37.0
37,46,37.0,1.0,37.0
37,47,37.0,1.0,37.0
37,48,37.0,1.0,37.0
37,49,37.0,1.0,37.0
37,50,37.0,1.0,37.0
37,51,37.0,1.0,37.0
37,52,37.0,1.0,37.0
37,53,37.0,1.0,37.0
37,54,37.0,1.0,37.0
37,55,37.0,1.0,37.0
37,56,37.0,1.0,37.0
37,57,37.0,1.0,37.0
37,58,37.0,1.0,37.0
37,59,37.0,1.0,37.0
37,60,37.0,1.0,37.0
37,61,37.0,1.0,37.0
37,62,37.0,1.0,37.0
37,63,37.0,1.0,37.0
37,64,37.0,1.0,37.0
